id,xcentroid,ycentroid,sharpness,roundness1,roundness2,npix,sky,peak,flux,mag,ra,dec,SIMBAD,Gaia DR3,VSX
1,1897.2083362738997,14.119074097014423,0.5361683217096828,0.561633969797783,0.1896004682138969,25,0.0,9040.0,1.6757533949143228,-0.5605252697631914,208.47966081336997,39.93256683562313,Not found,Not found,Not found
2,2192.856380570797,22.544102749083724,0.5234651478346456,-0.4553067178991465,-0.9566199145397126,25,0.0,57904.0,7.730725484615005,-2.220550629744257,208.5579556035933,39.955909727513095,Not found,Not found,Not found
3,2192.337136012094,23.28300842013257,0.5263260961614983,-0.9666829649669295,0.13815593296124012,25,0.0,57904.0,6.459742146066381,-2.02553795645229,208.55774625117837,39.95602339393482,Not found,Not found,Not found
4,1846.8816106195402,26.238911133977762,0.36876576245070836,0.32844395859212133,0.16111850808667524,25,0.0,21968.0,4.339670849921431,-1.5936419773044455,208.46504400362713,39.931367531206675,Not found,Not found,Not found
5,2195.574800270533,27.092897409359622,0.5405339325572542,-0.4664188830657412,0.44536883330996246,25,0.0,57904.0,7.147891068649604,-2.1354448134715156,208.5582498275259,39.95704138324768,Not found,Not found,Not found
6,871.6659941698784,34.48667525818138,0.4550178672705516,-0.08614885574954147,-0.6742139326103895,25,0.0,57904.0,7.833888191545218,-2.2349434220692337,208.20372074156313,39.861347821086284,Not found,Not found,Not found
7,872.3326541308031,35.06999040601898,0.5981156504455346,0.6243108665247645,0.19768277147515545,25,0.0,57776.0,7.5695473309453245,-2.1976747722142904,208.2038425441508,39.86151653162109,Not found,Not found,Not found
8,871.5127069551983,34.880981115005135,0.5452368295394266,0.4070400452498122,0.9948500076073881,25,0.0,57904.0,6.588072794400319,-2.046895973068712,208.20364190357526,39.86141727611136,Not found,Not found,Not found
9,871.9108345196548,35.673034612707895,0.48420276765704734,0.4721969420834343,-0.05646459113548196,25,0.0,57904.0,6.997589975482152,-2.1123712284043368,208.20367196243856,39.86160892014943,Not found,Not found,Not found
10,3893.8278543145925,44.625254855087704,0.44157814719712507,-0.08352684465319861,0.3756107208428737,25,0.0,32400.0,6.595549377006389,-2.048127439988498,209.01192920935648,40.08375881505963,Not found,Not found,Not found
11,243.14104026824194,61.66451331769826,0.3618795633622087,0.3502390999022277,-0.08858199965001377,25,0.0,32800.0,6.138891332264141,-1.9702248644347216,208.03347408612427,39.8203865936697,Not found,Not found,Not found
12,3666.9199477659704,67.23132394077733,0.36811357105857156,0.16065163878450003,0.2529255841244756,25,0.0,13600.0,2.92382440863905,-1.1648782183813264,208.94886486110457,40.07205662593488,Not found,Not found,Not found
13,1582.818374879216,79.57126852220104,0.3949436725140514,0.3438768973795167,0.12946680233378505,25,0.0,6896.0,1.3191977303858835,-0.3007747386375955,208.38934053566365,39.922941363808725,Not found,Not found,Not found
14,2111.340124117167,105.09895745365912,0.34302805160160954,0.441524366549047,0.3369942027097411,25,0.0,10528.0,2.151432253307374,-0.8318191877150316,208.52827059082824,39.966889252655164,Not found,Not found,Not found
15,3214.482871010049,109.66649175065578,0.4591523461470227,0.32758179502833806,-0.06198084984242514,25,0.0,5824.0,1.318505496535099,-0.30020486150847825,208.82343206424366,40.04807894248461,Not found,Not found,Not found
16,3571.4164679986675,115.96836610581602,0.46632688116833454,0.20359145935548442,0.20183873747660402,25,0.0,14544.0,2.8105211220914157,-1.121967133806672,208.91862856495067,40.07517886317652,Not found,Not found,Not found
17,428.6772398657732,118.38624417786463,0.3586626921863653,0.13060159415589648,0.011323566396071941,25,0.0,10176.0,1.9463103445021424,-0.7230302272391145,208.07745812004632,39.84575976278031,Not found,1497010232546501504,Not found
18,2430.630481827268,142.44172421235044,0.5712893413417363,0.3413795471424221,0.26781814916362334,25,0.0,5984.0,1.165207586830622,-0.16600825929335544,208.610201954888,39.9978566639589,Not found,Not found,Not found
19,1752.3523840978594,161.10081572634297,0.5052321496886925,0.2563336864277034,0.09978356940581538,25,0.0,49664.0,8.894049201829956,-2.372748819085456,208.4268721071457,39.952094317203304,Not found,Not found,Not found
20,1343.6800555634395,161.52351407586667,0.5536489713189048,0.5666828715824734,0.21740273539871774,25,0.0,6304.0,1.2683359031169454,-0.2580857157867287,208.31757070677938,39.92216533208015,Not found,Not found,Not found
21,3374.0334342111087,164.59926245140076,0.41444433027352917,0.280902116405075,0.35855490826123815,25,0.0,16784.0,3.3796058900216517,-1.322165145835926,208.86105189308302,40.07090666913374,Not found,Not found,Not found
22,2499.7668884857144,167.71586586545135,0.41352835900528784,0.6365482616052986,0.34798208480378784,25,0.0,15568.0,3.0563993743922717,-1.2130252552911445,208.62631753461014,40.0080815564655,Not found,Not found,Not found
23,1843.5349656642034,194.16625842568484,0.5269610704867441,0.35603114552001525,0.14659302694993118,25,0.0,22160.0,3.8447237534202023,-1.4621628521022694,208.44810260038003,39.965557658379126,Not found,1497096956525346688,Not found
24,1769.9577516723907,196.87680311588713,0.48367781167047935,0.2679894368539184,0.123673113323223,25,0.0,47184.0,8.654059130783446,-2.3430496457161665,208.4281593007147,39.96072054825102,Not found,Not found,Not found
25,2413.5842339390806,200.28390052282248,0.4030461336165743,0.11554146643428265,0.23787347466610137,25,0.0,10192.0,1.9600472766350978,-0.7306663668275761,208.6001303316996,40.0084820966517,Not found,Not found,Not found
26,1303.4933199435425,209.7599761361756,0.38094682395150364,0.288710144978069,0.1698469671205387,25,0.0,18048.0,3.399886279612579,-1.3286609771918862,208.3022020929484,39.929093522231454,Not found,Not found,Not found
27,1500.7635751171151,210.4099203070585,0.29658243251921496,0.14528165538799875,0.0400597522777521,25,0.0,4880.0,1.2994305904802013,-0.2843827161787533,208.35487114661777,39.943735361191344,Not found,Not found,Not found
28,6.9112612943187335,222.2958605555252,0.5786385447051459,0.039028831360427355,0.11426826125459595,25,0.0,11392.0,1.667343551704917,-0.555062735678648,207.95497199899594,39.83570898885636,Not found,Not found,Not found
29,2665.0290704331196,228.2057888027122,0.500410780554925,0.07524730539239426,0.05235325863562839,25,0.0,7728.0,1.5026462617618264,-0.4421418881836918,208.66485234367704,40.03252932537422,Not found,Not found,Not found
30,2289.7395524866756,281.6838322993481,0.2559491030882272,0.5817020826044417,0.19000056887963504,25,0.0,6992.0,1.5484065630264077,-0.4747125085937094,208.55920030078104,40.01614541254622,Not found,Not found,Not found
31,2387.2077714250977,306.7112839739239,0.5229567152879254,-0.5528363526501453,-0.6830034827426767,25,0.0,57904.0,8.442045445655442,-2.3161192143529683,208.58292715146374,40.02839422476359,Not found,Not found,Not found
32,2386.80982825735,309.558804878812,0.6475275310371357,0.9298469306786643,0.38756817489529194,25,0.0,57904.0,6.837752447831831,-2.0872834341586284,208.5825491981629,40.02894940697428,Not found,Not found,Not found
33,2218.6704290307043,317.81425139461254,0.4150895573870034,0.16305054311905076,0.11862925471346863,25,0.0,23520.0,4.732080180386572,-1.687630236764432,208.5367177249575,40.018365998749715,Not found,Not found,Not found
34,290.9834341391799,385.8172105119103,0.3127924561202017,0.1793857914074661,-0.09349462486582365,25,0.0,4864.0,1.203184126250537,-0.20083023396816413,208.01487781178977,39.8902912284004,Not found,Not found,Not found
35,2922.5288168784923,387.93911334208633,0.6068350468745868,0.29086450176791895,0.7112316732770165,25,0.0,52032.0,5.691501116315174,-1.8880670634186902,208.71873335557157,40.084038967520684,Not found,Not found,Not found
36,2929.7678888863825,390.0650744936461,0.40959810619809545,-0.677733586721917,0.797406521013369,25,0.0,57904.0,7.281579250152286,-2.155563951457623,208.72047380127606,40.085001286945804,Not found,Not found,Not found
37,3081.283097717576,393.0292063903584,0.43572828810565495,0.38525618588436583,0.4073090664343616,25,0.0,9648.0,2.0136157907769547,-0.7599415207285055,208.76085239342737,40.096609673582115,Not found,Not found,Not found
38,4056.4537822923653,399.9690046325569,0.5512052492084181,-0.42364445037914256,-0.2965480168312244,25,0.0,57904.0,9.06192161975139,-2.3930507536741628,209.0222017435501,40.16849082046913,Not found,Not found,Not found
39,1801.7042331809023,429.9032810836883,0.44457217366110013,0.43444822336634614,0.17979827067052445,25,0.0,44400.0,8.524689712029542,-2.3266964504499534,208.41435084299505,40.01082684384641,Not found,Not found,Not found
40,4052.5733351550216,438.7978235999771,0.5016268477931914,0.3194097876048546,0.5659379732794011,25,0.0,4992.0,1.261686292843083,-0.2523784621051232,209.01750209165215,40.17619179668846,Not found,Not found,Not found
41,1277.056516954601,483.753785942889,0.39071223506989766,0.26069176420784546,0.34488313977508833,25,0.0,15088.0,2.9841903228803983,-1.1870662942710961,208.2688087998473,39.983293292776224,Not found,Not found,Not found
42,2698.123341731015,495.047409088005,0.4619859011943034,0.7498264550919975,0.44028322202924125,25,0.0,6096.0,1.2305050301100364,-0.22520848342408933,208.64834807805656,40.089701797555804,Not found,Not found,Not found
43,2164.3771384597203,505.3214217699034,0.5137970178285776,-0.9745195692134213,0.3373970702157089,25,0.0,57904.0,6.391434497221001,-2.0139958560022464,208.5042684326504,40.05285760721535,Not found,Not found,Not found
44,2167.572041824322,508.6347523246631,0.5774974452990225,-0.919931114085258,0.13308399122281028,25,0.0,57904.0,6.763442416045913,-2.0754194919860733,208.5048079175887,40.05377087309823,Not found,Not found,Not found
45,98.39063250228118,516.4363845523796,0.4021549000105348,0.0361089208714401,-0.10699393421020192,25,0.0,5456.0,1.201866326215348,-0.19964041830292004,207.95084330556102,39.90270729719332,Not found,Not found,Not found
46,1634.7539964647935,538.038709945435,0.39444073349682085,0.2017487286190199,0.12916535799939793,25,0.0,27376.0,5.224304045862749,-1.795071110559365,208.35929542574218,40.02073868544676,Not found,Not found,Not found
47,366.4003948861274,551.7122648128083,0.5654704019716534,-0.7951567737528199,0.23746149166607536,25,0.0,57904.0,6.992569954216271,-2.1115920494530833,208.01894061369697,39.92984916492378,Not found,Not found,Not found
48,362.4133775802929,552.6957895065563,0.4541742113369982,0.9392264259481256,-0.6097897884718064,25,0.0,57904.0,5.631268221232352,-1.8765155339567294,208.0177810902791,39.92975442113282,Not found,Not found,Not found
49,1454.806790775524,579.6632945427957,0.32466878340372496,0.141259137448212,0.25549184687474424,25,0.0,11536.0,2.418132291565828,-0.9587001415656309,208.30713846848377,40.01603720248604,Not found,Not found,Not found
50,2148.5736518613107,582.2457603699027,0.4008184166641617,0.06750681611802174,0.11325980260559101,25,0.0,13664.0,2.517014863618782,-1.00221445044079,208.49268063228965,40.06747859540411,Not found,Not found,Not found
51,1709.411499989474,585.49625505356,0.36108087377465475,0.39337032548083,0.24398299625669342,25,0.0,29776.0,6.1055207048964535,-1.9643067708742001,208.37472900039995,40.03595137853459,"§°§ê§Ú§Ò§Ü§Ñ: ConnectionError: ('Connection aborted.', R",Not found,Not found
52,4047.223270091506,592.1560160250273,0.5296084774552436,0.22127621698546238,0.29207152150086335,25,0.0,13824.0,2.6567981093270268,-1.0608963838272114,209.00161425762508,40.20732405573262,Not found,Not found,Not found
53,706.1963329204425,597.7853513211247,0.43237292057495547,-0.8190393370875422,-0.03950814964341975,25,0.0,57904.0,6.509432466474395,-2.0338578141920425,208.10522660452492,39.9644804159375,Not found,Not found,Not found
54,3356.9189501889878,597.9418381083523,0.4210243828370755,-0.016629456794485027,0.0123251962790274,25,0.0,33456.0,6.854004691231183,-2.089860993368235,208.8154487587882,40.15866625842002,Not found,Not found,Not found
55,706.7037933109999,600.2158846290051,0.247826531853411,0.8793988860690154,-0.1912858531004493,25,0.0,57904.0,6.577516883508817,-2.045154928821491,208.10512730388217,39.965015696983116,Not found,Not found,Not found
56,2548.78526366232,606.2256957438949,0.3730767020383434,-0.2152755145065663,-0.41530967140503994,25,0.0,57904.0,7.874227850697277,-2.240519943734215,208.5976974659763,40.10163343639759,Not found,Not found,Not found
57,2548.3201185651437,606.8991177610485,0.4410384604440652,0.4027891283229334,0.8448204466628597,25,0.0,57904.0,7.378356103799925,-2.1698990297016083,208.59750848577497,40.101737687471285,Not found,Not found,Not found
58,2548.9767779962153,607.6505122865591,0.3903678798591604,-0.1767169341405605,-0.3714146621661325,25,0.0,57904.0,7.905671116083284,-2.2448468582322914,208.59761299307158,40.10193974980216,Not found,Not found,Not found
59,2609.918234151877,612.8945866219823,0.3940224809387986,0.12710712842235586,0.1834046808860514,25,0.0,57904.0,10.336362738094497,-2.5359193544691827,208.6134617587893,40.107459088052856,Not found,Not found,Not found
60,2279.485223979548,633.8856971353293,0.44630262596824277,0.30206728352803114,0.17329554283718085,25,0.0,6112.0,1.2256318826231072,-0.22090012457573432,208.52283650035,40.08764478512871,Not found,Not found,Not found
61,3211.1321082895247,648.0370333078007,0.5632917586175428,0.1135802802044549,0.2689481763800507,25,0.0,13088.0,2.300636051339628,-0.9046198024338398,208.7715285846778,40.15838679486916,Not found,Not found,Not found
62,29.85617404640187,657.7095041904105,0.38888674787824373,0.0900066140699179,0.1265246052509236,25,0.0,18752.0,3.4118433532460113,-1.3324727083616774,207.91884544147587,39.92651278063133,Not found,Not found,Not found
63,3306.497123756063,709.4665814408236,0.3515726573346609,-0.09037673041081952,-0.16304649817747238,25,0.0,2704.0,1.2922754439494002,-0.2783877296540453,208.79132529005693,40.17791461806057,Not found,Not found,Not found
64,549.1323926243283,740.0611840835433,0.49975936082248534,-0.8830814440375122,-0.3066039142753574,25,0.0,57904.0,6.2671769700854725,-1.9926798957759533,208.04950089148232,39.98196864878715,Not found,Not found,Not found
65,550.7760086203215,740.3606446038763,0.5481085097995845,0.652006481817819,-0.26135261456515496,25,0.0,57904.0,7.126777582350503,-2.132233013077294,208.04991102891307,39.982151891183975,Not found,Not found,Not found
66,551.4965516708331,742.3266127911855,0.5811704714731676,0.04292782971643753,0.31969298650860095,25,0.0,57712.0,6.812743709728505,-2.0833051285409705,208.04991318074534,39.98260782570199,Not found,Not found,Not found
67,549.7641540010941,742.6405092461806,0.4959354714383086,0.34502340295784145,-0.36293748470443143,25,0.0,57904.0,6.350442397503073,-2.007009952640149,208.0494199291735,39.98254356496769,Not found,Not found,Not found
68,1383.0025847511515,785.0542692840384,0.4413498168804056,0.4362801596351332,0.19939254241670454,25,0.0,11264.0,2.3575645858643925,-0.9311589978503543,208.268164533748,40.05283898064241,Not found,Not found,Not found
69,668.9843187141905,787.2113991854019,0.5783892352369686,-0.12745197479769996,0.18347126778345338,25,0.0,6416.0,1.1932409344232788,-0.1918203588110794,208.07696436460157,40.00050978893288,Not found,Not found,Not found
70,3485.007126093797,834.5960379993326,0.26624374207550117,0.3281210730396962,0.3052274451861529,25,0.0,57904.0,10.610768038184435,-2.5643670513351777,208.8274510795592,40.21654170823114,Not found,Not found,Not found
71,1117.7412438431281,855.8588269645471,0.40774497078540345,0.23683184910267785,0.19384723653575983,25,0.0,45360.0,9.180066884179935,-2.4071146134945156,208.19034411864618,40.04777484790335,Not found,Not found,Not found
72,4036.264655276166,868.0604018951697,0.6424964927195288,-0.29084163969157384,-0.7150337481047307,25,0.0,4880.0,1.9425560122901504,-0.7209338756036388,208.97263464999656,40.26323248081746,Not found,Not found,Not found
73,3981.808331232247,877.9674991397625,0.8741584630083942,-0.9591540597973764,-0.09864293543062207,25,0.0,7296.0,1.9776560712020723,-0.7403769171338095,208.95703564028832,40.261343147626626,Not found,Not found,Not found
74,3851.8700022808534,882.2734531293593,0.31513822959819826,0.2168352605711459,0.49191995288651436,25,0.0,4928.0,1.0507772460300369,-0.05377664955375969,208.92164659242638,40.25285456864305,Not found,Not found,Not found
75,4275.182907498632,903.1606262946292,0.3477318512156164,-0.2820977715215873,-0.11862951436215124,25,0.0,57904.0,8.599822699630257,-2.3362237439909066,209.033677533197,40.28764511756602,Not found,Not found,Not found
76,4275.2879595739505,903.7005415704604,0.3652899500034731,0.10489317449056641,-0.06234795390274557,25,0.0,57904.0,8.854744531655204,-2.3679400896783283,209.03365493820806,40.28776364426034,Not found,Not found,Not found
77,2901.30883265798,958.329769028037,0.5014289055554426,0.30553712858383114,0.43146827950447525,25,0.0,11792.0,2.2561545283094655,-0.8834221049601915,208.65877874681485,40.19957240272757,Not found,Not found,Not found
78,4627.284070642404,980.6338380997669,0.49440655708039527,0.20050691761142928,0.24333473122459182,25,0.0,23536.0,4.929954764173096,-1.732107335840063,209.12129578129282,40.32885697978053,Not found,Not found,Not found
79,3936.2546029708506,1015.4779131699967,0.5330588467147679,-0.11127962378263723,0.3960736671211776,25,0.0,53728.0,8.708917345134857,-2.349910421888107,208.93176980371868,40.286311133748576,Not found,Not found,Not found
80,608.0752772183102,1017.8257048805445,0.2889747710886249,0.7397141991693575,-0.5951313842810759,25,0.0,57904.0,7.647245029839338,-2.2087625147368253,208.03834334456144,40.04320606064035,Not found,Not found,Not found
81,3477.3293647326686,1016.8069684328385,0.33697505308523373,0.08965434734011217,0.22356497516249624,25,0.0,10528.0,2.071574443265219,-0.7907513613659988,208.80810111907812,40.25340503831386,Not found,Not found,Not found
82,3936.1759541098136,1017.121296595056,0.3686993372169711,0.1397477417468264,0.49608654453489387,25,0.0,57904.0,8.104630586466445,-2.271833060633929,208.93159318260086,40.28664309965015,Not found,Not found,Not found
83,3936.267487311278,1017.1293242928474,0.5083565011780177,0.10363262924990842,0.21137122716786802,25,0.0,57904.0,8.939429866187124,-2.3782745537390824,208.93161707596525,40.286651353438025,Not found,Not found,Not found
84,608.7429714568492,1020.621044658363,0.6054622641776247,-0.702875352710327,-0.10178807427023139,25,0.0,57904.0,6.885356966436343,-2.0948161521631063,208.03825088048777,40.04382786321792,Not found,Not found,Not found
85,607.0929042038485,1020.9843537061557,0.5707225626569216,-0.07672515525497782,-0.6975231573904839,25,0.0,56160.0,6.74009642626638,-2.0716652743857185,208.0377744201887,40.0437797760768,Not found,Not found,Not found
86,405.72924096008336,1025.6431345891633,0.23819328272562987,-0.9272692669513043,-0.17578853338113223,25,0.0,57904.0,6.321607303406178,-2.002068785204337,207.98348849987804,40.029776309901784,Not found,Not found,Not found
87,407.6363926904461,1027.7798057507027,0.5970391901457922,-0.8372400746151863,-0.2302512843883425,25,0.0,57904.0,6.52124500498561,-2.0358262926956323,207.9837908011782,40.03035539823879,Not found,Not found,Not found
88,3233.0057316397715,1029.5330178020874,0.390768649655428,0.10756416648511992,0.30421254062757824,25,0.0,57904.0,11.642928429125975,-2.6651555694820566,208.74116751275545,40.238299953214494,Not found,Not found,Not found
89,406.4256540412629,1027.9151220189233,0.5393936850429596,-0.03728614291992328,-0.27898100020800315,25,0.0,55952.0,7.3976706125263485,-2.1727374752117172,207.98345404358503,40.0302930861499,Not found,Not found,Not found
90,4226.01686922585,1033.3914583529988,0.4559000794894694,0.30310263253414543,0.31480849020103985,25,0.0,31632.0,6.290019434740545,-1.9966299682982027,209.00814412250594,40.31087359798777,Not found,Not found,Not found
91,3760.750813142237,1038.191780241417,0.430173797553587,0.14415923169958317,-0.11074017607020943,25,0.0,4432.0,1.0552757763899223,-0.05841492281282223,208.88235879700585,40.27830407574886,Not found,Not found,Not found
92,3268.852744074796,1052.0337738926955,0.4902604285638843,0.29345527067104055,0.21159143952781923,25,0.0,13984.0,2.6179911172580157,-1.0449204216823997,208.74866925723973,40.24552151683124,Not found,Not found,Not found
93,1797.6400286839248,1070.0399071689749,0.4290017246436377,0.0936249045683717,0.1279358368039665,25,0.0,22752.0,4.167653183181192,-1.5497289285012745,208.35183634086366,40.14175959378028,Not found,Not found,Not found
94,852.3078132494677,1085.0797116659014,0.48534973435789985,-0.021871964823314115,0.25330987718097236,25,0.0,20560.0,3.620926651277778,-1.3970493186236155,208.09715961668007,40.07508520200482,Not found,Not found,Not found
95,3457.4096170981093,1123.277992896532,0.5687315018142233,0.9521258837225753,0.38171762478670923,25,0.0,57904.0,7.305529991875924,-2.159129320079567,208.79263083146125,40.27382541963864,Not found,Not found,Not found
96,1840.238082340771,1123.764796707443,0.36375990788711526,0.22609350531292252,0.20019517688117627,25,0.0,6416.0,1.328723759175667,-0.3085867519511689,208.35809461715107,40.155902830380484,Not found,Not found,Not found
97,3307.7332580823477,1124.0588143388077,0.5717410404982927,-0.024059178071745475,0.014551920939003768,25,0.0,11936.0,2.1309022281398358,-0.8214088087605477,208.75227962312456,40.26313065386933,Not found,Not found,Not found
98,2702.8249487484536,1125.8168942267885,0.6244281550016213,0.22051613375468448,0.139722096755292,25,0.0,9568.0,1.5939445607695675,-0.5061830301493476,208.58946471621314,40.21947860477594,Not found,Not found,Not found
99,3458.0147453958216,1125.9863614191645,0.32549641367039667,-0.9811057895832161,0.5936941207250135,25,0.0,57904.0,7.269515404369121,-2.1537636529306177,208.79253642022553,40.2744254224048,Not found,Not found,Not found
100,3472.032322653669,1131.9797022808318,0.33556284014641014,0.9062559826965007,-0.39624884194033944,25,0.0,57904.0,8.560297577576648,-2.331222155283175,208.7957398713542,40.27667202167221,Not found,Not found,Not found
101,3470.420996387666,1133.0829214886073,0.47013550767042617,-0.889028788387168,0.4005813946975735,25,0.0,57904.0,7.5499299537589195,-2.194857305948104,208.79520139028114,40.27678178964443,Not found,Not found,Not found
102,3472.8767822777754,1135.119406103366,0.3980438512087543,-0.8121763420720354,0.27863794041367473,25,0.0,57904.0,7.493892408027675,-2.1867686337788523,208.79566892922145,40.277377944023684,Not found,Not found,Not found
103,4463.692499897522,1136.9793555746448,0.4529335680495421,0.141248785935036,0.09125480842039842,25,0.0,6576.0,1.4987981685441794,-0.4393578843402917,209.0624522756212,40.34925632823662,Not found,Not found,Not found
104,330.9081738240447,1138.345366203845,0.5100677684412049,0.0480647247319826,0.18586366548002256,25,0.0,40688.0,7.408652503183894,-2.1743480625772453,207.9525389533933,40.04727650495649,Not found,Not found,Not found
105,1546.701955113703,1170.4636756625375,0.4380275533275733,0.5007394955245774,0.3643661424545333,25,0.0,22672.0,4.4816972853838255,-1.6286062973164084,208.27489184995997,40.14387591940338,Not found,Not found,Not found
106,2134.998713455214,1189.5998679402676,0.3430246967494953,0.027183546241218035,0.28969732862677644,25,0.0,29152.0,5.806397942512927,-1.909766992412524,208.43085887425002,40.19103519618125,Not found,Not found,Not found
107,1504.2656780929467,1197.8783693944226,0.46122513222901335,0.11980106824500707,0.2993111158710264,25,0.0,38032.0,7.513642552063935,-2.1896263261134914,208.2608733959595,40.14636634694969,Not found,Not found,Not found
108,2560.536864840462,1209.4972436649807,0.4380507959072695,0.0845913315201746,0.22836461692561114,25,0.0,6912.0,1.2444198585412625,-0.23741733248605884,208.54323199145088,40.226259099280824,Not found,Not found,Not found
109,519.6040294124995,1210.7830839951814,0.5205817922254022,0.17075442352537767,0.1935073288711519,25,0.0,44128.0,7.896565802237549,-2.2435956467686,207.99595823014167,40.076133739868155,Not found,Not found,Not found
110,3912.6588744476503,1217.1600791248998,0.4092799807890851,0.12651662174531386,0.21462903058133245,25,0.0,30704.0,6.101693553946922,-1.9636259805816705,208.90632385043511,40.32604248069399,Not found,Not found,Not found
111,298.8427630974077,1218.9692976979134,0.4401140502288632,-0.06945590377465265,0.1895861254487334,25,0.0,11376.0,2.480595911338282,-0.9863900588373781,207.93612606046656,40.06138836923527,Not found,Not found,Not found
112,2529.606812413627,1219.1916728399965,0.4911464642864673,0.13298713484200433,0.07378578536303933,25,0.0,14656.0,2.982976258477588,-1.1866244920598605,208.53399401299208,40.225987845922454,Not found,Not found,Not found
113,4346.017150382369,1251.7983991130097,0.30621926775138986,0.2044108203749542,0.23206475895318718,25,0.0,57904.0,11.818929788348093,-2.6814453817062307,209.0198797937165,40.36439599435366,Not found,Not found,Not found
114,754.780180745845,1256.1206043033378,0.5452036447279132,0.38635051398573866,-0.018006452729576395,25,0.0,57904.0,7.477762280991665,-2.1844291369028994,208.05448438330177,40.10287573030304,Not found,Not found,Not found
115,754.8566700850068,1257.3392729416412,0.3875087722175337,-0.509851183540289,0.22503533763997619,25,0.0,57904.0,6.693376921408849,-2.0641132048510653,208.05438666157738,40.1031309030294,Not found,Not found,Not found
116,754.2805988235282,1257.7348355761749,0.40485388702529185,-0.2375337753328841,-0.4528892388192106,25,0.0,57904.0,6.884899253645002,-2.0947439740799716,208.0541941067998,40.10316915333425,Not found,Not found,Not found
117,4202.902934915769,1302.7100374360434,0.4461666838810096,0.13313704348800048,0.10118677325412186,25,0.0,7888.0,1.6177866333160924,-0.5223031070290011,208.9764699958462,40.36455498835962,Not found,Not found,Not found
118,594.9959649642308,1308.4385431679011,0.4822129435865294,0.05948800021111303,0.35788743832917064,25,0.0,19024.0,3.7132297932014535,-1.42437956592246,208.0066438074224,40.10172413298419,Not found,Not found,Not found
119,2602.8633297151196,1318.15465571279,0.3571311701987842,-0.2168828351590162,-0.5907971180721778,25,0.0,57904.0,7.687824893199972,-2.2145087069480915,208.54420803237755,40.25164127291925,Not found,Not found,Not found
120,2715.2566848809906,1316.8276868228677,0.4233496073036467,0.01599575168459149,0.22122609433825824,25,0.0,35456.0,7.374304273695498,-2.169302633033082,208.57454835176247,40.259575755144084,Not found,Not found,Not found
121,2602.255602620581,1318.9395003457612,0.4330152290643106,-0.7514791258454522,0.35349063360873634,25,0.0,57904.0,7.2775575798230605,-2.154964125624252,208.5439695604853,40.25175788040487,Not found,Not found,Not found
122,2603.3195244553,1319.2799993438714,0.49433719455765635,0.6804173530258104,0.9629508190780471,25,0.0,55600.0,6.9387227889069285,-2.103198843004093,208.54422293676046,40.25190545362819,Not found,Not found,Not found
123,4030.0403085815437,1320.447453488913,0.35848264381157496,-0.010260422595152597,0.3391581187870075,25,0.0,4208.0,1.081359541267475,-0.08492529137489971,208.92818008823613,40.35573549035206,Not found,1497132450135409024,Gaia DR3 1497132450135409024
124,4077.577789116345,1325.7150053609746,0.3859039502027525,0.3824834254666025,0.38348055514577256,25,0.0,5888.0,1.3178847119054795,-0.29969354997497744,208.94049832875874,40.36024736943406,Not found,Not found,Not found
125,4542.120322338566,1328.0226704627473,0.44286795732650347,0.25821271686623165,0.2589405582177563,25,0.0,9520.0,2.0364453630148653,-0.7721819065933884,209.06559735430926,40.39416172862429,Not found,Not found,Not found
126,3942.4698818022857,1356.6558852570874,0.47173188721476855,0.09179428396295351,-0.9230941650831521,25,0.0,57904.0,6.2266603416140605,-1.98563794004383,208.90114170328224,40.35685236943916,Not found,Not found,Not found
127,349.5148058600373,1361.3771284487837,0.33779018351417445,0.18823136509841346,0.14022794463055197,25,0.0,5568.0,1.1420255172689666,-0.1441895195935246,207.9358197037358,40.09430177824907,Not found,Not found,Not found
128,1125.792414125688,1374.1194613444873,0.43988698457992453,0.9245444410397686,-0.03203344297387622,25,0.0,57904.0,8.10335204792859,-2.271661767806941,208.14241178050122,40.154522724167386,Not found,Not found,Not found
129,124.4536277582239,1384.6706734400327,0.3570759450986319,0.1444135854066594,0.19096278775686568,25,0.0,25104.0,5.24557862837342,-1.7994835031300573,207.87336269441892,40.082295280466056,Not found,Not found,Not found
130,2454.395855492306,1385.7793100226063,0.48733734062276957,0.1625358216444144,0.2643491809959232,25,0.0,11264.0,2.1381854127779487,-0.8251134058943953,208.49782711289092,40.25465863751943,Not found,Not found,Not found
131,3754.176168662668,1393.030548156355,0.4553804017010673,0.5832585025883523,0.562177496011547,25,0.0,5616.0,1.083726855012628,-0.0872995885575287,208.84693882627317,40.350713039548765,Not found,Not found,Not found
132,2401.1318748329136,1394.057034174515,0.30898703046956155,-0.3077123878332391,-0.0758461205483825,25,0.0,57904.0,8.211457039798965,-2.2860505627744545,208.48271947912468,40.25245863491777,Not found,Not found,Not found
133,2412.010815155341,1395.8033009811209,0.48082539748110537,-0.3191878660841702,-0.37324170153550545,25,0.0,57904.0,9.684764904078845,-2.4652227069071824,208.4854754747506,40.253613031839315,Not found,Not found,Not found
134,2401.166809676051,1394.4968035574707,0.45505907583554955,-0.006990343621986605,-0.08268360914899062,25,0.0,57904.0,7.466438325310839,-2.1827837051610732,208.4826866908412,40.25255138458656,Not found,Not found,Not found
135,2411.7426422426092,1397.2710587362906,0.5650347975293851,0.20925683098714026,-0.044157699783418526,25,0.0,57904.0,6.995960583640046,-2.1121183848225407,208.48526265224487,40.25389443118682,Not found,Not found,Not found
136,1297.1439819079908,1403.950560222281,0.4180941860199428,0.14498098742424229,0.3093604550221412,25,0.0,57712.0,10.524260517549692,-2.555478975181329,208.18545177079594,40.17330088914456,Not found,Not found,Not found
137,4249.942838986604,1405.8732364318048,0.41664370944015466,0.32832637883641225,0.23244187400670632,25,0.0,7888.0,1.7288046993794801,-0.5943648360296483,208.9794023337782,40.389143132078566,Not found,Not found,Not found
138,2209.789309781182,1426.5198986657542,0.664596171832853,0.36651479916649343,-0.03011578906629813,25,0.0,57904.0,7.336120153793706,-2.1636660894051345,208.42819385129113,40.24509830663009,Not found,Not found,Not found
139,1738.5758913715201,1425.585368245196,0.4533966895738353,-0.07516582858775292,0.22368133922452696,25,0.0,14336.0,2.8050910901608916,-1.1198674218341989,208.3017643879223,40.21028795236813,Not found,Not found,Not found
140,4133.985087598267,1426.5308006628447,0.5724245731562644,-0.22443552068476358,-0.05905590603310228,25,0.0,54000.0,8.58911458001911,-2.3348709908262935,208.94616636849216,40.385029778475555,Not found,Not found,Not found
141,4133.056299512097,1428.738201360701,0.3198160305289609,-0.845110422835693,0.4310871148097752,25,0.0,57904.0,8.361008058459378,-2.3056466050310336,208.94570684327422,40.385416343443204,Not found,Not found,Not found
142,2209.903330987043,1428.1360586309067,0.40084021096414374,-0.9256218433265209,0.1428905884348111,25,0.0,57904.0,6.467004325745091,-2.0267578786112566,208.42806923249387,40.245438053301726,Not found,Not found,Not found
143,4134.627191662519,1430.1022750626692,0.5756696608469914,-0.4554135994218341,0.13954715152385208,25,0.0,57904.0,6.559145491125177,-2.0421181606870316,208.94600142511936,40.38580990473153,Not found,Not found,Not found
144,4134.139764674767,1430.0705947907445,0.5495534522113316,-0.19495617169975685,-0.4770155841162727,25,0.0,57584.0,7.535111011357544,-2.1927241374013007,208.94587294564528,40.38576824328903,Not found,Not found,Not found
145,2479.83819914576,1450.8494552124043,0.3788570080263591,0.13339958768169372,0.6273194701476468,25,0.0,14240.0,1.3931108855821832,-0.3599642143906157,208.49842706982813,40.26986610092286,Not found,Not found,Not found
146,3581.2558163507574,1473.6378454819903,0.3136143018445542,-0.338072126011937,-0.03297286272885723,25,0.0,4320.0,1.036663509404041,-0.03909452905453513,208.79268113405922,40.354745450138246,Not found,Not found,Not found
147,3672.9967852068125,1483.0057116423056,0.46211762301922954,0.120177605315131,0.21882201773504198,25,0.0,48064.0,9.9382444785969,-2.49327419022071,208.816513617894,40.3633155811506,Not found,Not found,Not found
148,2955.7437295026925,1502.0124843106312,0.4596386763229412,0.09773990987188083,0.22474437754213927,25,0.0,54048.0,10.302475443328149,-2.532353970066355,208.62153152708706,40.31511125460028,Not found,Not found,Not found
149,2776.668970717648,1507.8592171089792,0.36628734342587504,0.05088492625909979,0.2573775495066573,25,0.0,10784.0,2.000417148374607,-0.7528014220932746,208.57278842964266,40.30325100220343,Not found,Not found,Not found
150,3928.5507507980114,1507.7505980982628,0.46130439531801093,0.03547269869103059,0.14753985478550818,25,0.0,25552.0,5.295966916720105,-1.8098631586344436,208.8830610638312,40.386885227808925,Not found,Not found,Not found
151,4095.1956562923333,1517.342845360374,0.5195135472658343,-0.24605632313406425,0.23634295119230841,25,0.0,55728.0,9.494348446092268,-2.443662916106521,208.92710093104748,40.40088970633496,Not found,Not found,Not found
152,4095.253705289382,1517.1976405988648,0.4834379090467634,0.032744764261047034,0.05808983122693319,25,0.0,57904.0,8.939666369159683,-2.3783032777681354,208.92713035107724,40.400864062672476,Not found,Not found,Not found
153,2285.0029357614594,1540.472394114826,0.36688294606368116,0.22757501769651708,0.3136734888147642,25,0.0,41088.0,8.1960967114003,-2.284017685749103,208.4374565515149,40.27397817916044,Not found,Not found,Not found
154,393.93555597538625,1559.2640116313173,0.30221770006596915,0.05925725175878312,0.338505820519926,25,0.0,57904.0,9.51352231353111,-2.445853352835373,207.92843645214637,40.13810234963633,Not found,Not found,Not found
155,1076.351339497116,1594.2358710292617,0.2860329914252793,0.07085584545322492,0.26513203399571134,25,0.0,57904.0,10.835482244420898,-2.5871206120353625,208.1078361724624,40.195941101981575,Not found,Not found,Not found
156,3145.024912265097,1612.03401121365,0.3173153730513746,-0.13458568624731151,0.23580390607183405,25,0.0,57904.0,9.386173390512958,-2.431221431650346,208.66197789253167,40.35147467512132,Not found,Not found,Not found
157,1077.1454662512463,1642.1791555697314,0.439156723808523,0.0009700080262938013,0.14594104217268972,25,0.0,12144.0,2.267255699202261,-0.888751255643092,208.10339988797958,40.205817524329504,Not found,Not found,Not found
158,2021.9138356176152,1642.803317343461,0.3716176777868395,0.038872805098067155,0.5224207634071665,25,0.0,56192.0,3.1304285963011957,-1.2390095054201993,208.35691553535577,40.275649150856886,Not found,Not found,Not found
159,2825.3043530406917,1644.2536839508728,0.5568248616397865,0.10198006905184587,0.1907224404801978,25,0.0,19184.0,3.7298575899351314,-1.4292306257107033,208.57281905364778,40.33478410415689,Not found,Not found,Not found
160,1357.4260769973248,1652.9885994503584,0.29858746378481,-0.05593042218969025,0.10058413330413822,25,0.0,5536.0,1.2768262957986665,-0.2653295456108174,208.17752581880657,40.228767955464775,Not found,Not found,Not found
161,2939.282486467913,1662.0601419362324,0.44972062726359807,0.19742096248949123,0.2474109198262455,25,0.0,12656.0,2.2969287215202265,-0.9028687958557069,208.60179619624617,40.3467525759767,Not found,Not found,Not found
162,207.78359432430665,1672.065731296235,0.37183977671206686,0.08855778249722855,0.2858283787043677,25,0.0,21104.0,4.532762975693882,-1.6409075245165796,207.86761568574192,40.14730543287478,Not found,Not found,Not found
163,3195.574540569399,1677.6984809990931,0.4966546345857537,-0.17176399819225643,-0.12191726890402249,25,0.0,57904.0,9.385197063755239,-2.431108490156589,208.66932228696112,40.36863023276919,Not found,Not found,Not found
164,3192.4962826414635,1678.3545832727866,0.570369651441585,0.08656738068325438,0.10195268398749521,25,0.0,52912.0,7.521003434701107,-2.190689467530157,208.66843039207512,40.36854091064081,Not found,Not found,Not found
165,3195.1928914232863,1678.6463313827871,0.5572160287235377,0.8082371658913909,0.25388709110057994,25,0.0,57904.0,7.002179685271009,-2.113083127869311,208.66912895459464,40.36879700363701,Not found,Not found,Not found
166,3195.613737907073,1678.9451804403802,0.6426387953428281,-0.4007999949227742,0.035840102911367425,25,0.0,57904.0,6.223244237364858,-1.9850421140867491,208.66921378391342,40.36888896225852,Not found,Not found,Not found
167,3138.6880252720157,1686.4985679277863,0.5390472561880533,-0.23186569406284566,0.10832191589585313,25,0.0,52256.0,7.758149397886481,-2.2243953462720376,208.65315802596982,40.36629610290779,Not found,Not found,Not found
168,3138.41985335707,1688.307065654289,0.593973658309924,-0.7480330149765063,-0.04661957608633756,25,0.0,57904.0,7.751718083636103,-2.223494924507076,208.6529129925704,40.36664773924325,Not found,Not found,Not found
169,3138.5232437225022,1689.3019132408713,0.5188071732987688,-0.2729076496736189,-0.1876498318921841,25,0.0,57904.0,7.623683166525593,-2.205412097784744,208.65284578503037,40.36685943916099,Not found,Not found,Not found
170,1062.4847961466862,1702.080696230717,0.42544930399333186,0.04201244851117599,0.024150764252900993,25,0.0,5008.0,1.0723071486163518,-0.07579800313775625,208.09365782140915,40.21699744598435,Not found,Not found,Not found
171,3926.106814489399,1705.1195644393101,0.30995202690463974,0.2792918328161655,0.4851650071140751,25,0.0,5664.0,1.3065825664215667,-0.2903421478798832,208.86366511369255,40.427249850230545,Not found,Not found,Not found
172,3557.953323421373,1727.635920056827,0.4112966284551961,0.12128626141421049,0.2539047718086258,25,0.0,8960.0,1.9747698260057034,-0.7387912067149265,208.76222264488163,40.40520958979094,Not found,Not found,Not found
173,2053.0979605416296,1728.6039899955283,0.35424622775013176,0.0013903201021022136,0.043536638277312155,25,0.0,41744.0,3.6370037379019378,-1.4018593684941838,208.3570297937352,40.295528760997954,Not found,Not found,Not found
174,2199.9005321064146,1729.3176561590344,0.43175952630603226,0.3217528999944206,0.4148019056381085,25,0.0,53872.0,10.402316526177039,-2.542825161349536,208.3964217955924,40.306456326578676,Not found,Not found,Not found
175,3221.894384539409,1748.0408913362046,0.4350928352461203,0.04025577903584182,0.05243108577539701,25,0.0,6960.0,1.352452351770932,-0.3278049335639368,208.6696947402714,40.384982659256345,Not found,Not found,Not found
176,2219.252869446459,1759.0549779745652,0.45600267107118364,0.05551422176497156,0.10405176167257202,25,0.0,20272.0,3.979533228601646,-1.4995803383935482,208.3987627969352,40.313973403506466,Not found,Not found,Not found
177,3967.0698288505528,1767.366344010109,0.47148555313465373,-0.0076785648731194575,0.21668035345532619,25,0.0,51760.0,10.23297457709296,-2.5250047379068317,208.86880620097773,40.442997231351704,Not found,Not found,Not found
178,2843.586823716625,1768.4717945717214,0.35760342137848933,-0.19862269183764683,0.1297525641296472,25,0.0,38192.0,7.091944327195529,-2.1269132941669993,208.5658433606343,40.36160348796796,Not found,Not found,Not found
179,4146.923358311538,1768.1605139438955,0.3138869314903402,0.14181629748800043,0.11734013802553962,25,0.0,26688.0,2.3931768611589392,-0.9474369878490039,208.9172808329869,40.456152887213214,Not found,Not found,Not found
180,2369.411965483595,1792.0286291948757,0.2758752678542875,0.2555775545823704,0.21298245725960485,25,0.0,17456.0,1.8803731795010257,-0.6856101201203396,208.4359733074604,40.33174787072951,Not found,Not found,Not found
181,2652.0911240498435,1799.850454503419,0.367667201861283,0.17669985933832627,0.22547171356996665,25,0.0,9392.0,1.7183081435045777,-0.5877526208328803,208.51128341379726,40.35404868052859,Not found,Not found,Not found
182,75.08328056056415,1805.6550901172118,0.38060804450358815,0.03724809770621211,0.2897543728631155,25,0.0,9136.0,1.9251497534093542,-0.711161295065472,207.81905031828302,40.16472297173574,Not found,Not found,Not found
183,57.27935808729725,1805.8122915369918,0.4057165847938279,0.07935840000672946,0.1480469892488875,25,0.0,8320.0,1.7605098025349488,-0.6140961189216207,207.81427014260825,40.163424668850624,Not found,Not found,Not found
184,4441.181568598138,1812.0238108783974,0.5123485021941875,0.2750979253681966,0.2136047866234949,25,0.0,57168.0,10.788878996135528,-2.5824408056173365,208.99260067525933,40.4863799849504,Not found,Not found,Not found
185,4565.722777310007,1812.9737829345563,0.5037377859622084,0.21676271846986112,0.10760925056406363,25,0.0,34240.0,6.366503468257868,-2.009752450007281,209.02616513325464,40.495538022015005,Not found,Not found,Not found
186,80.18108663539996,1815.0175867987869,0.4570756007674542,-0.06128149461559965,0.12404365161755959,25,0.0,16320.0,3.106425726989004,-1.2306524357995663,207.81949917564793,40.16701880591771,Not found,Not found,Not found
187,4033.1516974172437,1816.3300058956522,0.4368181004076426,0.027115461924165737,-0.051787173593370636,25,0.0,57904.0,10.59405095573796,-2.5626551437338434,208.88199257753396,40.457831290365704,Not found,Not found,Not found
188,4337.543331143882,1826.3957130847662,0.5202719468967583,-0.08654104204678274,-0.761551500142261,25,0.0,49408.0,4.264889280675584,-1.5747694027003643,208.96323970177394,40.48186716218381,Not found,Not found,Not found
189,4339.334564031556,1829.0125353283627,0.6217971208265399,0.6126120022374983,-0.6425534363261705,25,0.0,56816.0,6.110124667439017,-1.9651251785640325,208.96347561809347,40.482533968884795,Not found,Not found,Not found
190,1236.8902540583238,1828.0801827438434,0.4912175863560324,-0.1342099653005303,0.23823152285256036,25,0.0,6272.0,1.2546779571185092,-0.24633067033106404,208.1282191175868,40.255714982426596,Not found,Not found,Not found
191,2711.792939638127,1833.065684974149,0.32649082137811825,-0.31221348703001084,-0.171225838940338,25,0.0,57904.0,8.10815145965065,-2.2723046317113265,208.52416738980043,40.3652268130103,Not found,Not found,Not found
192,2711.4746577635083,1833.5023560025609,0.5114665799075405,0.3193426108168868,0.5477888924589444,25,0.0,57904.0,7.8605227823172505,-2.238628576906882,208.52403980893982,40.36529311910439,Not found,Not found,Not found
193,4336.530297494943,1839.2590410509695,0.620852307868588,0.8114731551462079,-0.17503295735281935,25,0.0,57904.0,5.274172056344398,-1.8053857335819679,208.96174702423755,40.48443729458656,Not found,Not found,Not found
194,2002.1759854396987,1843.837509555066,0.39568365254412463,0.14190685010719722,0.26039250696149013,25,0.0,9168.0,1.656624255936475,-0.5480600397899186,208.33223433676935,40.31540541637325,Not found,Not found,Not found
195,3437.2295631674842,1867.4872405359695,0.4293955463863066,-0.4058121485501981,-0.10977871575544401,25,0.0,57904.0,9.052340126308074,-2.3919021586673,208.71633473976124,40.425156784883,Not found,Not found,Not found
196,3437.224752322599,1869.617464036722,0.547038181645705,0.1226440491238183,0.36485534274235165,25,0.0,55280.0,7.583530512331023,-2.199678596223459,208.71613013660485,40.425593731399665,Not found,Not found,Not found
197,800.7124848850867,1875.8883749797553,0.3694583534294455,0.07462998944134007,0.29780558031512055,25,0.0,57904.0,11.057244022774942,-2.6091172354029677,208.00657745204728,40.233159052632395,Not found,Not found,Not found
198,1071.3434874711272,1905.4460721762925,0.37434296793735317,0.14023594737271813,0.2282004668475441,25,0.0,39248.0,8.393039112571708,-2.3097981174558506,208.0762895219642,40.25929471573421,Not found,Not found,Not found
199,1839.5602869769039,1915.4098140381218,0.5912858203413706,0.037797219170788356,-0.9201123050467099,25,0.0,57904.0,5.636017674444736,-1.8774308659468208,208.28161640535072,40.31810495762501,Not found,Not found,Not found
200,4423.7067026409995,1920.2537326484307,0.4113873827859149,0.10173440004660847,0.13827616142696236,25,0.0,50288.0,9.975149458335974,-2.4972985286774954,208.97762740345505,40.50736233772106,Not found,Not found,Not found
201,4077.4335502358526,1935.0328158429904,0.39637899822804906,0.07733601107700348,0.1813749295639466,25,0.0,17392.0,3.5079733476539667,-1.362640712725042,208.8826732647812,40.485414644620384,Not found,Not found,Not found
202,2477.359622056958,1941.4417354347324,0.46327319196411076,-0.04618107540269601,0.11986706987409051,25,0.0,9392.0,1.8995841809416134,-0.6966463606893916,208.4506508383136,40.37029738788757,Not found,Not found,Not found
203,2217.5601936380326,1947.845368030356,0.3388991968151282,0.393933623354866,0.18606630821572112,25,0.0,7392.0,1.59515994979426,-0.5070105928250078,208.38012646014542,40.35255378665296,Not found,Not found,Not found
204,3802.3451525825803,1951.0127700968353,0.45998978855980144,-0.26401658121204064,0.08247590032319106,25,0.0,7744.0,1.3963653650556167,-0.36249767047893794,208.8068787010577,40.46879370521395,Not found,Not found,Not found
205,1842.048180744711,1955.385377242455,0.416065666421299,0.8050860976205321,0.5315090883412795,25,0.0,26560.0,1.362691340454857,-0.335993740251301,208.27842268808664,40.3264801239489,Not found,Not found,Not found
206,1846.460601968393,1958.1469947082562,0.38576222569079904,0.795876756156651,0.41056265725233704,25,0.0,51552.0,2.7959186105660243,-1.1163113122687547,208.27934188035204,40.32737108903884,Not found,Not found,Not found
207,1751.9602152283232,1961.1617890272737,0.4377769956777562,0.01630681773440504,0.22955101263962505,25,0.0,17776.0,3.220132352765104,-1.2696843057102838,208.25365135779154,40.321024589194096,Not found,Not found,Not found
208,3193.8120209030762,1963.686458296399,0.43589807965752375,0.2317231311871158,0.2608476305009657,25,0.0,13552.0,2.635953587946002,-1.0523443980784557,208.64151099924857,40.42719594822837,Not found,Not found,Not found
209,1864.1369738105004,1977.382502365556,0.6283858954760291,-0.8139456937689131,0.40441831409689905,25,0.0,57904.0,3.41241104191848,-1.3326533464535364,208.28223480055152,40.332614979493066,Not found,Not found,Not found
210,3344.6173201330394,1979.5486965381724,0.4023476088426386,-0.18134985383989283,0.21505881274713917,25,0.0,32448.0,6.26113076452161,-1.991631935439921,208.68065725135756,40.44142707478176,Not found,Not found,Not found
211,3989.188997391497,1977.6877794561674,0.5151178588922939,0.36109650488743805,0.5860873804934867,25,0.0,5632.0,1.2469259178965193,-0.23960163007873095,208.8547867397842,40.48779650760527,Not found,Not found,Not found
212,2399.9003258227676,1998.3321846594936,0.39233069581998753,0.11350025785076744,0.22045844806338558,25,0.0,15152.0,3.261866135740676,-1.2836653349687441,208.4243285612093,40.376285221704826,Not found,Not found,Not found
213,4260.540984362511,1998.413738839931,0.4189359954152014,0.18553699583080727,0.1254396301139229,25,0.0,33728.0,6.96460709168022,-2.1072415518179914,208.9261206939335,40.511657621761266,Not found,Not found,Not found
214,3272.600513781774,2011.2161037535188,0.5571132387563528,-0.04636255605063031,0.11782971663535517,25,0.0,9296.0,1.6445344191668956,-0.5401074186236468,208.658208267491,40.44268662935922,Not found,Not found,Not found
215,2077.525275731024,2020.5852803595283,0.2543608244728734,0.39898866019299023,0.2762657147075181,25,0.0,16144.0,1.555112995717647,-0.47940487670899506,208.33544342556286,40.35717415449432,Not found,Not found,Not found
216,4042.3461192532354,2030.847431084192,0.5762743699629015,0.3075858392090313,0.32289788658107044,25,0.0,11248.0,2.108255733150349,-0.8098082250321517,208.86408851580399,40.50255946212809,Not found,Not found,Not found
217,10.248961216617346,2041.2600850730455,0.3247016621234995,-0.2890231105851655,0.21758901490425384,25,0.0,8448.0,2.087226246110479,-0.7989238180539135,207.77863469960081,40.208059560301976,Not found,Not found,Not found
218,1763.0400790803933,2046.480156961161,0.44132908382522246,0.21560916890347698,0.3640903094602134,25,0.0,31088.0,6.216853551555495,-1.9839265923787097,208.2483775273714,40.33932311077821,Not found,Not found,Not found
219,3887.8366804709763,2047.7004188442222,0.4091742168094078,0.18334809293570017,0.1177560152149714,25,0.0,57904.0,9.93795508364909,-2.4932425738574966,208.82075389648233,40.494841071512916,Not found,Not found,Not found
220,882.5488115195305,2055.9194918029884,0.47611191890783433,-0.0018013452172663828,0.22067563409476632,25,0.0,22336.0,4.362953493914754,-1.5994514593270996,208.01100189453172,40.27608979678811,Not found,Not found,Not found
221,2871.0265079713763,2060.9153161865597,0.3635523653825931,-0.17713836624733736,0.08904132570640695,25,0.0,13040.0,2.6682906498060115,-1.0655828359109867,208.54519428070603,40.42360230326178,Not found,Not found,Not found
222,607.4047687444333,2069.9670378613846,0.3682957240288098,0.22758778403483387,0.27151239124248855,25,0.0,17424.0,3.569863627517955,-1.381629064826936,207.9358345852621,40.25850207430135,Not found,Not found,Not found
223,1681.1707937610088,2089.906288431611,0.6743270482568275,-0.35418632828766544,0.22026526395915025,25,0.0,57840.0,7.174389665456392,-2.1394624024702,208.22216791431316,40.34218114435658,Not found,Not found,Not found
224,1678.7513314002417,2090.908152412952,0.33640962140103675,0.8450090461533937,-0.2945507581733739,25,0.0,57904.0,6.5499214049574634,-2.0405902218885923,208.2214205713329,40.34220784568231,Not found,Not found,Not found
225,302.94957746887417,2110.0492097341908,0.37935405924670856,-0.07178378566918918,0.2008085530568659,25,0.0,57904.0,9.899875570410794,-2.489074340174789,207.85030675454004,40.24400385032091,Not found,Not found,Not found
226,1804.1614790509827,2117.3120784998036,0.3957498003879982,-0.4786783274517354,-0.6380518269389378,25,0.0,57904.0,8.019005831973029,-2.2603013233128912,208.2525803188517,40.356868409211756,Not found,Not found,Not found
227,1803.521901367525,2118.030354918401,0.48046301567099753,0.3438518959077409,0.7933931296017399,25,0.0,57904.0,7.936504114725071,-2.249073114375516,208.25233884953602,40.356968428585624,Not found,Not found,Not found
228,1804.433569883214,2117.912386471386,0.5241947897958403,0.5162010907781667,0.8758070125643683,25,0.0,57904.0,7.3024169590879495,-2.1586665675152243,208.25259539960263,40.35701147270667,Not found,Not found,Not found
229,1803.8517286144893,2118.539219665508,0.4024108012315742,-0.3301841723628671,-0.4055609815487056,25,0.0,57904.0,7.537079098506325,-2.1930076825885787,208.25237830182922,40.35709701228304,Not found,Not found,Not found
230,4343.200035646159,2119.926428151189,0.6300734272949753,0.42848005286295704,0.9689003206229397,25,0.0,53616.0,5.000871965576485,-1.7476143392508794,208.93692844591806,40.54258650988377,Not found,Not found,Not found
231,4346.8308771389065,2126.3570167854054,0.6195123750791567,-0.5601229690870454,-0.9213272991013095,25,0.0,57904.0,5.785435240516448,-1.9058400916439222,208.93729964401675,40.544169632610476,Not found,Not found,Not found
232,2717.2520522570708,2132.364102663086,0.47803824324646543,-0.23336439259856634,0.15324462898750804,25,0.0,11920.0,2.264101330321425,-0.8872396497254941,208.49689766827635,40.427016249572496,Not found,Not found,Not found
233,3462.456286373833,2133.6049787809097,0.5496088630337652,0.025067394343945778,0.09223424120150164,25,0.0,54096.0,6.917455753188658,-2.0998659747520385,208.6977240106835,40.48161713083397,Not found,Not found,Not found
234,369.074095364228,2142.5270829459546,0.40377630194646924,-0.22157268248039436,0.25765697207654875,25,0.0,6512.0,1.487203389365614,-0.4309259163264727,207.8648530015669,40.25558298584696,Not found,Not found,Not found
235,1447.7331432948288,2150.8532363185577,0.4071760798704782,-0.20509618227726462,0.25702309796756156,25,0.0,57904.0,9.974695915314072,-2.4972491620713733,208.15352502028037,40.33742001797843,Not found,Not found,Not found
236,2423.7739947532386,2173.953026371465,0.5919546867736722,-0.9700214594995249,0.5219095342812498,25,0.0,57904.0,5.166982059519953,-1.7830923840436523,208.41384336409405,40.41404514017674,Not found,Not found,Not found
237,1196.7536357711504,2209.832738895338,0.33407965352053653,-0.03448048031932207,0.4329569614466551,25,0.0,9520.0,2.1515488917262875,-0.8318780485605909,208.08037191606624,40.33091529649334,Not found,Not found,Not found
238,2901.618293161582,2223.48394913602,0.5636275915412143,-0.5056599938257624,0.2533644674293831,25,0.0,6608.0,1.1148762830517454,-0.11806669184834154,208.53783426787086,40.459186405351446,Not found,Not found,Not found
239,592.4391530626189,2225.5850947917706,0.3880171375744834,-0.24289471798071763,0.11439043206723663,25,0.0,57904.0,10.289538186977977,-2.5309897082015445,207.9166297761481,40.28923043465152,Not found,Not found,Not found
240,3033.1456614722174,2234.9162669396446,0.3491585224089335,-0.9234305029271475,0.5731851030074261,25,0.0,57904.0,8.237762561836947,-2.2895231751780645,208.57220320770006,40.47113669166283,Not found,Not found,Not found
241,3035.468136309281,2236.83601420822,0.6375871872253093,-0.5572902235771943,0.09005343166503074,25,0.0,57904.0,6.798414879950845,-2.0810191607585846,208.57264537684156,40.471700061670234,Not found,Not found,Not found
242,3034.3742071300458,2237.284927675327,0.5294323809219462,-0.040729032545027195,-0.44777271270864144,25,0.0,57904.0,6.879375532701016,-2.093872543622659,208.57230727989966,40.471712321413634,Not found,Not found,Not found
243,2502.922176257659,2257.060773744583,0.9700304445134624,0.3456118044342708,0.2603268098072577,25,0.0,4720.0,1.208584719650465,-0.20569274771375265,208.42715493538213,40.43689011902048,Not found,Not found,Not found
244,2526.2044378728983,2260.6674976691424,0.49440132051074437,-0.3888899200973111,-0.5850448974886033,25,0.0,57904.0,8.727712513135652,-2.352251080884977,208.43307989511172,40.43933664433141,Not found,Not found,Not found
245,2525.610853659312,2261.2658329488586,0.5857667461972534,-0.9700791530762635,-0.06406271434862246,25,0.0,57904.0,7.392125902177021,-2.1719233878715407,208.43286234176657,40.4394158167563,Not found,Not found,Not found
246,2527.0730444522023,2269.018619781687,0.5268799372552424,-0.18016090443662794,-0.3860403302899699,25,0.0,57904.0,7.777147620467491,-2.2270508562813403,208.43250949892214,40.44111271110011,Not found,Not found,Not found
247,4653.215280299687,2339.4232563912474,0.4637579508221606,0.3022150529772494,0.16374745423500092,25,0.0,18320.0,4.028335332390857,-1.5128140388556952,208.9999705665416,40.610028709118126,Not found,Not found,Not found
248,32.508398138117386,2350.259107677973,0.5084287056681606,-0.07672314960117717,0.20320085990341924,25,0.0,44752.0,8.471357629969775,-2.3198825411620434,207.75429980247742,40.272911227547446,Not found,Not found,Not found
249,2236.0637423427343,2351.3038082546045,0.4410381426842366,0.049064116996621346,0.22466641135954873,25,0.0,36320.0,6.792397546886301,-2.0800577411486336,208.3461850063323,40.43661886065968,Not found,Not found,Not found
250,600.5488775610174,2366.643138946541,0.3830994054480526,0.1324933834336423,0.3368468326480201,25,0.0,12496.0,2.62163087275308,-1.0464288568178524,207.90502297269114,40.31869653937021,Not found,Not found,Not found
251,2479.949910727875,2369.7451604648772,0.27595631736239246,0.38790923859484133,-0.035651919408468694,25,0.0,5376.0,1.2177198607713584,-0.21386847338067427,208.41010520680464,40.458309734158426,Not found,1497127605412370688,Not found
252,3341.293779879362,2372.5175960175015,0.40196759910320284,0.22756881461733855,0.2702897204525705,25,0.0,10096.0,2.142436969417096,-0.8272701345545864,208.64215882706839,40.52183672436337,Not found,Not found,Not found
253,377.1537058937422,2381.4880407677697,0.40821790819145765,0.0690050290284993,0.2802809070595687,25,0.0,34464.0,7.143777016010936,-2.1348197253439434,207.84363836598928,40.30506813000648,Not found,Not found,Not found
254,2180.607745399838,2387.8266829376453,0.4457217663325229,-0.22627582679290928,0.08084678334692533,25,0.0,8112.0,1.4681108596993837,-0.4168971279451491,208.32772182756895,40.44002708634457,Not found,Not found,Not found
255,2279.103630283906,2394.2956070876908,0.44393728959216855,0.03925618938509317,0.23959700167524384,25,0.0,7392.0,1.3696347927699672,-0.3415119495901462,208.3536251021413,40.44859486839627,Not found,Not found,Not found
256,3879.3853192567803,2397.5042642702447,0.6148962513356949,-0.3178944118882593,-0.3043577259348581,25,0.0,56000.0,8.335268158818591,-2.3022989408305214,208.7851264737463,40.566061189398475,Not found,Not found,Not found
257,3879.7845340962463,2399.3261488732965,0.4895727320181802,0.9873486477543848,-0.049242650484223376,25,0.0,57904.0,7.7795918115079505,-2.2273920263237406,208.78506052260863,40.566464224949925,Not found,Not found,Not found
258,3877.949102075724,2400.463573091296,0.5926280101799581,-0.0023046321225059824,0.6066752034920205,25,0.0,57904.0,8.565830477331822,-2.3319236880255705,208.78445586365066,40.56656472960581,Not found,Not found,Not found
259,3970.596810913156,2400.620960641666,0.42745282748873875,0.0381965189656974,0.06619261077788648,25,0.0,17232.0,3.52440724707485,-1.367715213977264,208.80948589459874,40.573310323860746,Not found,Not found,Not found
260,3880.476106634899,2402.034017139508,0.6134417212348834,-0.41836815816161543,0.21528331182873686,25,0.0,57904.0,6.543393223676768,-2.0395075497683477,208.78498904674603,40.56707037659475,Not found,Not found,Not found
261,2022.7583983735337,2436.557189350832,0.46147371949699345,-0.2794776530478694,0.0572086216454261,25,0.0,57904.0,9.336584311497996,-2.425470058353378,208.2805043784912,40.43839486488882,Not found,Not found,Not found
262,2023.192458933642,2436.590905497842,0.5749124702629416,0.017142715225813492,-0.1506702934603798,25,0.0,55760.0,7.899950790304376,-2.2440609650723604,208.28061798332214,40.43843374853073,Not found,Not found,Not found
263,2022.5877755323836,2436.507237411747,0.46515664693334124,-0.04230974770753814,0.34219517736193683,25,0.0,57904.0,7.9708934734702925,-2.2537675126651546,208.28046327398903,40.438372059920475,Not found,Not found,Not found
264,4293.008418924818,2455.9854335046425,0.4801261048810103,0.26107220121996,0.22046543890027734,25,0.0,5712.0,1.0278715644761516,-0.029847129245403493,208.89141264162026,40.608003024269166,Not found,Not found,Not found
265,152.12038128140887,2461.9762643104123,0.3506962382557751,-0.0162414465777509,0.2827404246758865,25,0.0,5648.0,1.4330046437598556,-0.3906189944092942,207.77540071598438,40.30470865855205,Not found,Not found,Not found
266,3310.0473964533135,2512.3086714043297,0.44623100773828006,0.06042298264817429,0.1268315347030945,25,0.0,16624.0,3.2038701822455096,-1.2641872764295115,208.62032239762092,40.548247127248345,Not found,Not found,Not found
267,2960.7892328222056,2512.080340249235,0.5261678921210743,0.25593209135837014,0.4307164637668958,25,0.0,5664.0,1.0718162396535258,-0.07530083245587317,208.52606180803178,40.52271039272881,Not found,Not found,Not found
268,4513.6120243376145,2527.953970131595,0.5206522771232607,-0.15119943745802977,-0.3157197922300649,25,0.0,57280.0,9.43378730052752,-2.436715200431258,208.94427814753263,40.638710555171606,Not found,Not found,Not found
269,4512.498620302217,2528.924669459476,0.48567429518542415,0.4115724765777887,0.8285549186658714,25,0.0,57904.0,8.373372344377874,-2.30725100925603,208.9438844307756,40.63882970450095,Not found,Not found,Not found
270,4514.671570210651,2530.3332138199166,0.5117473994644164,-0.39347277072350695,0.20528375151433337,25,0.0,57904.0,6.229314421593116,-1.9861006305713844,208.94433889766898,40.639275805618894,Not found,Not found,Not found
271,4514.1767868458155,2530.4886963894205,0.4474234413818029,-0.27710498154904617,-0.6164293517790786,25,0.0,57904.0,7.3328437711109835,-2.1631810807328606,208.94419015426524,40.63927207077734,Not found,Not found,Not found
272,2328.31436697802,2572.090864801821,0.4556325830834483,-0.2564349184659295,0.09301961969251345,25,0.0,53232.0,8.436815500435523,-2.3154463797257945,208.34970750774087,40.488656425131225,Not found,Not found,Not found
273,2328.0780149569114,2571.9361965795024,0.3046496024701754,0.10017038444625943,0.27184509906727355,25,0.0,57904.0,7.928951722618184,-2.248039433875388,208.3496587540996,40.48860734878949,Not found,Not found,Not found
274,1771.4462621604998,2574.025453169272,0.496231558903619,0.06907354312015829,0.17663159013954735,25,0.0,45136.0,8.311382770508827,-2.299183209172578,208.19952407860805,40.4480242543273,Not found,Not found,Not found
275,3479.605015538175,2574.3462223158035,0.37780453739460007,-0.014255119010418925,0.19036551762344628,25,0.0,31344.0,5.9200142908236515,-1.9308068877609998,208.66017683612677,40.57332655547201,Not found,Not found,Not found
276,2362.491239749777,2586.8437292911667,0.4470308499789448,0.2300500630271074,0.17639345598355022,25,0.0,57136.0,10.833217469714063,-2.586893653525048,208.35749371671375,40.494192295640296,Not found,Not found,Not found
277,1607.2638708668678,2595.678577649194,0.386771647295789,0.11299509728813728,0.22698284180249584,25,0.0,51456.0,10.367477734799271,-2.5391827783649883,208.1532315960927,40.440325650801896,Not found,Not found,Not found
278,1382.7694730387527,2608.026291952218,0.41515965902420376,0.15431235587649506,0.5569604680981725,25,0.0,5024.0,1.0154015349283632,-0.01659453892223965,208.09163129499925,40.42623504501394,Not found,Not found,Not found
279,2471.598469841148,2612.009946610921,0.4901084574562437,-0.10275391016492877,0.017082266675645948,25,0.0,21008.0,3.9070663674691715,-1.479626971100633,208.3844771945038,40.50736560443744,Not found,Not found,Not found
280,2496.240553201572,2635.85814740882,0.42125783798139443,0.11718653685908337,0.23325236910939326,25,0.0,41280.0,8.119193601210867,-2.2737822430735593,208.388819009363,40.5140638579451,GPM 208.388731+40.512968,1497127987665483520,Not found
281,694.6973895889437,2650.1462186122985,0.39039953735100075,-0.05539433400838062,-0.043641498370655604,25,0.0,16416.0,3.297300740350433,-1.2953964002495735,207.90257296566384,40.38371929190863,Not found,Not found,Not found
282,4017.5470770807624,2688.0417279843673,0.4847119351678484,0.08076285248329367,-0.0021497631708754924,25,0.0,20336.0,3.739941256084105,-1.4321619517853716,208.79475602745663,40.6357330322029,Not found,Not found,Not found
283,1834.7936715669096,2688.923602567141,0.41042234471381134,0.15007607211929305,0.26583473803186164,25,0.0,36496.0,7.50836163878496,-2.1888629554068233,208.20542899538083,40.47623966665111,Not found,Not found,Not found
284,695.9225902337508,2694.499394726448,0.4394330854306342,-0.12656934354898927,0.1855790020095273,25,0.0,16240.0,3.3614523983490927,-1.3163174139354352,207.89856159966476,40.39288526050062,Not found,Not found,Not found
285,1099.6258681621034,2718.513709469757,0.36779232771072173,0.07649414519133543,0.3514238766916294,25,0.0,8096.0,1.707480725740307,-0.5808895250246692,208.0047139664782,40.42784495057167,Not found,Not found,Not found
286,3653.998126693396,2737.421221111424,0.5115599657550617,0.4937711969774109,-0.623025156634977,25,0.0,57904.0,7.496768568278476,-2.187185260018113,208.69169275349398,40.61948272267517,Not found,Not found,Not found
287,3651.8941392206398,2738.886812533151,0.2621954586417053,-0.9828468611020826,0.6521344466974289,25,0.0,57904.0,7.395233287603073,-2.172379696650622,208.69098341517153,40.61963057464923,Not found,Not found,Not found
288,3655.2256682341394,2741.215557683606,0.24383284783191156,-0.8981531595964081,0.3644722129267967,25,0.0,57904.0,7.066865486984078,-2.12306706222747,208.69166124009888,40.620350788029974,Not found,Not found,Not found
289,3653.499521740031,2741.8946277783893,0.30161245447106305,0.5969810175692459,-0.34450902997354443,25,0.0,57904.0,6.09527671696201,-1.9624835668965366,208.69112941050938,40.62036467201779,Not found,Not found,Not found
290,2777.1749183316697,2747.6303234564434,0.5771828529005488,-0.18770745299608904,0.2516243481839561,25,0.0,54752.0,6.481248954034029,-2.029146759113008,208.45382619761338,40.55758405231454,Not found,Not found,Not found
291,2802.2147104068545,2753.9581728249354,0.3623885241052165,0.20654861597327334,0.21718498242385748,25,0.0,5088.0,1.054111118951108,-0.05721598592860331,208.4599748106358,40.56071593078167,Not found,Not found,Not found
292,3377.4805941581626,2764.9593957095276,0.4606925778562613,-0.011580417181598137,-0.21989575388177163,25,0.0,4704.0,1.0450631010319775,-0.047856284975653904,208.61429698834812,40.60500509884489,Not found,Not found,Not found
293,2760.3591963626704,2769.9311370986957,0.5776176124038077,-0.4085874736405727,-0.6036066783322042,25,0.0,57904.0,8.5966809426192,-2.335827021559141,208.44713669779534,40.56092502010232,Not found,Not found,Not found
294,88.7785375309955,2770.3964735525765,0.4911625209983897,-0.07383997385875535,0.2891277592873598,25,0.0,51088.0,9.592919623873442,-2.4548770141629257,207.7281146451532,40.363028557330566,Not found,Not found,Not found
295,2759.686319858205,2773.4006913832436,0.4977051979150135,0.4359988700812038,-0.13230800696066958,25,0.0,57904.0,6.1439298045007655,-1.9711156128987584,208.44662042234367,40.56158717368419,Not found,Not found,Not found
296,1577.9882394617573,2782.786072214448,0.45109702687092595,0.17052281196623514,0.35698060179059904,25,0.0,22592.0,4.453736250246771,-1.6218112364744846,208.12715748315296,40.47647977408365,Not found,Not found,Not found
297,3530.6636701768584,2799.8305534505043,0.47371545277829863,-0.07064277205987358,-0.10923504652781355,25,0.0,57904.0,8.867866360434187,-2.3695478490844417,208.6523608706634,40.62331905501607,Not found,Not found,Not found
298,3530.377856733518,2799.863645245203,0.45042095309398394,0.5773171416995098,0.3546369294961545,25,0.0,57904.0,7.8745295080776,-2.240561536900181,208.65228041610672,40.6233050400373,Not found,Not found,Not found
299,3764.1977258243555,2805.455135864654,0.6561664024561533,0.1248677454886485,0.17472621238934202,25,0.0,7136.0,1.3273844199418605,-0.3074917896064282,208.71498295585963,40.64145684675392,Not found,Not found,Not found
300,4617.1556829704405,2810.670946975509,0.37946589655177193,0.6095424112375986,0.13021263583476844,25,0.0,5392.0,1.1347399761773278,-0.13724088763591344,208.9454443149959,40.704264447273125,Not found,Not found,Not found
301,914.3790240698253,2816.4036775151035,0.4712524544883562,-0.14262389861525002,-0.01096779385455215,25,0.0,57904.0,8.923007717241804,-2.3762781714860832,207.94534299727886,40.43410245950716,Not found,Not found,Not found
302,914.1491360300432,2816.4113379283813,0.4470596719739431,-0.08476637696924631,0.38929815177365307,25,0.0,57904.0,8.55394016993108,-2.330415520705752,207.94528044322035,40.43408691440008,Not found,Not found,Not found
303,2635.401929996383,2821.1869788179397,0.43444221284767265,0.10952321072322807,0.162790193756758,25,0.0,26256.0,4.980003807298762,-1.7430741869636568,208.408464054327,40.56227262303943,Not found,Not found,Not found
304,2973.560772928126,2825.831695310508,0.37604971137416826,0.16799412832474314,0.23598237047356535,25,0.0,20000.0,3.7396900243969893,-1.432089014677015,208.4993125985969,40.58799866683169,Not found,Not found,Not found
305,4367.49019635207,2826.710406753047,0.3971368098736515,0.29105573421914366,0.05787915652685745,25,0.0,44176.0,8.559210161725243,-2.3310842252937074,208.87626884283662,40.689536262381445,Not found,Not found,Not found
306,523.2327270229549,2829.030885699854,0.42061213520205887,0.012153486026264008,0.17756789610798343,25,0.0,5264.0,1.3434834974819219,-0.3205808404946915,207.838992203498,40.40752131488663,Not found,Not found,Not found
307,595.3349325521946,2848.0715737303153,0.5234816988543896,-0.10281439504510147,0.09947571280802633,25,0.0,7856.0,1.384606736268211,-0.3533161004307005,207.85649524678206,40.416799600175764,Not found,Not found,Not found
308,2043.3487472660495,2895.5075000958736,0.3047651167001872,0.08893077392359014,0.07806396392330105,25,0.0,9488.0,2.1706116563183206,-0.8414553271710599,208.24157383373006,40.533953550096264,Not found,Not found,Not found
309,2282.046318199941,2921.084334639529,0.253182219905334,-0.0036308241282816444,0.19808491947979143,25,0.0,57904.0,9.738662673718013,-2.471248307673794,208.30346165608302,40.55678233233344,Not found,Not found,Not found
310,2629.048001888001,2921.454704686473,0.5489881573917849,0.24948290734317505,0.35935690444524615,25,0.0,8672.0,1.500751142277513,-0.44077170646430125,208.3970626932939,40.58236335622526,Gaia DR3 1497317546045569024,1497317546045569024,Not found
311,1055.7157381175664,2923.822705466055,0.45668621989752406,0.2751537456935293,0.25899375726014284,25,0.0,5616.0,1.3800693452773378,-0.34975227309483925,207.97284959744164,40.46660216646721,Not found,Not found,Not found
312,1616.9055428831437,2928.72161229155,0.58036928183001,-0.44871740241369007,-0.908434369209392,25,0.0,57904.0,7.362208299850022,-2.167520252076975,208.12343300133645,40.509246658519494,Not found,Not found,Not found
313,955.0860300627959,2930.494840432204,0.45565821950853985,-0.19474534280945144,-0.06758313601210089,25,0.0,57904.0,9.745114592672838,-2.4719673758667517,207.94512960270984,40.46047992944989,Not found,Not found,Not found
314,954.8862662231163,2930.889430516961,0.32583339040110454,-0.14644906573844543,0.18249328105713003,25,0.0,57904.0,7.916397921177057,-2.2463190402090794,207.94503727205276,40.46054580644127,Not found,Not found,Not found
315,2175.056135298154,2932.2804910829345,0.5077198567491695,-0.10418446366692342,0.023225131164713097,25,0.0,6544.0,1.2272533662348355,-0.22233558000108328,208.27351960545167,40.551197412882594,Not found,Not found,Not found
316,400.7604331697817,2935.150635131385,0.4096565416640608,0.012502307340152693,0.26800423609742663,25,0.0,15488.0,3.3758828381037747,-1.3209684144575276,207.79567824904512,40.42007279781024,Not found,Not found,Not found
317,2459.8948975938943,2935.1917001648167,0.5550822597372389,-0.14143831584724262,0.2907130724362019,25,0.0,8944.0,1.6872003324356697,-0.5679166307554401,208.35007933276958,40.57275558373467,Not found,Not found,Not found
318,4104.600987186822,2937.645807017565,0.5148806104577858,0.2942977304938793,0.21747514165049003,25,0.0,6960.0,1.4040782535894407,-0.3684782825810093,208.79447515491538,40.69329490929481,Not found,Not found,Not found
319,4589.893958257119,2936.7371094530968,0.4531198076777693,0.6240618120201815,0.1988176310296007,25,0.0,53184.0,9.313338685110063,-2.422763491549196,208.92605610685078,40.72819858404688,Not found,Not found,Not found
320,1615.2728922696006,2938.4237718988134,0.5812868860588384,-0.8893627298593569,-0.9382962188866684,25,0.0,57904.0,5.994143417381972,-1.944317824432167,208.12204857593852,40.51111266980873,Not found,Not found,Not found
321,837.03685430442,2946.0072754140156,0.45436169152935524,0.04737255705391352,0.3441964823208047,25,0.0,39648.0,7.443074964718973,-2.179380982787967,207.91186518021027,40.45486197984064,Not found,Not found,Not found
322,1557.8281834359248,2982.176430827418,0.4423355008959095,0.1482132739442048,0.27219407442557536,25,0.0,6272.0,1.3788528720990865,-0.3487948201815111,208.1023138915439,40.51581822633301,Not found,Not found,Not found
323,876.5450111465001,2988.8346846891122,0.3883019855540292,0.21088416957578726,0.23670460227870807,25,0.0,13392.0,2.801885948513393,-1.118626133102996,207.9182959004109,40.46656865662561,Not found,Not found,Not found
324,4024.184843679574,3000.8897180376957,0.5120825207700976,-0.38452972419262355,0.11035346493678297,25,0.0,57904.0,8.894983457778515,-2.3728628618811722,208.76664904537984,40.700450871459715,Not found,Not found,Not found
325,4024.1288415065915,3000.8019816979713,0.3249114374307738,0.23237717030407126,0.359362413288189,25,0.0,57904.0,7.610732337975873,-2.203566121242865,208.7666422730885,40.70042879611615,Not found,Not found,Not found
326,3484.5710773717005,3001.977542842715,0.40725169991958193,0.2115079301407774,0.09929477897669274,25,0.0,21904.0,4.305130779356107,-1.5849658719887147,208.6204908389426,40.6614449242738,Not found,Not found,Not found
327,4024.4974098083367,3001.183948930786,0.45795779203087444,0.22325262029311754,0.3073465387047662,25,0.0,54912.0,7.65773711290626,-2.210251132773405,208.76670554386192,40.70053395125403,Not found,Not found,Not found
328,2761.4555182993877,3012.643992293661,0.3977818703990324,0.15008124802494582,0.23735245027417193,25,0.0,18112.0,3.4397250561557406,-1.3413093249124972,208.42400503722715,40.6107731159797,Not found,§°§ê§Ú§Ò§Ü§Ñ: [WinError 10,Not found
329,36.26357223351428,3026.7286629569094,0.236938071358346,0.8866469916006149,-0.29297234589741983,25,0.0,57904.0,7.860795327958758,-2.2386662216728475,207.68878744186893,40.411493461508094,Not found,Not found,Not found
330,36.80464962034646,3029.064040443932,0.41534880124153456,-0.6220864782512785,0.6802169298209636,25,0.0,57904.0,7.0020823579942615,-2.1130680364995906,207.68870258627726,40.41201144513004,Not found,Not found,Not found
331,32.95951155664271,3030.771112364099,0.5321768373427963,0.2134716215373658,-0.09822810347837047,25,0.0,57088.0,4.997008512678985,-1.746775223219415,207.687502112987,40.4120718867332,Not found,Not found,Not found
332,4554.188841945959,3032.1921341272428,0.41564475722617833,0.45206078627370816,0.15212034149987116,25,0.0,23488.0,4.501888440972475,-1.633486821913165,208.90728210585874,40.74523146598512,Not found,Not found,Not found
333,424.57767034605564,3073.069621298724,0.3896453915014884,0.0023824447041960652,0.24106013085142547,25,0.0,37712.0,7.594505850070405,-2.20124880245245,207.78852588405684,40.45005923501116,Not found,Not found,Not found
334,2133.267833137199,3088.83082617249,0.4251823880127237,-0.03145986674537915,0.1619354038727505,25,0.0,7088.0,1.4238475280488792,-0.38365871399588747,208.24705810430262,40.5801946000344,Not found,Not found,Not found
335,2264.9057825937443,3089.7186018835755,0.3074657458574821,0.21381305624820543,-0.11207152547388044,25,0.0,4384.0,1.0243123621671137,-0.026081035347646754,208.28248964972818,40.590078236787306,Not found,Not found,Not found
336,1954.1389620242505,3112.6982276236686,0.39211280415930944,0.14972973780476095,0.37035280132149234,25,0.0,13984.0,2.890906457835437,-1.152585098163894,208.19642286485794,40.57186455595401,Not found,Not found,Not found
337,4517.14244431418,3114.2126524115415,0.4608393754130099,0.37070727569115713,0.14496273600527648,25,0.0,42992.0,7.394858695330994,-2.17232469923852,208.88941621815124,40.75940477921422,Not found,Not found,Not found
338,4652.625707829725,3117.161364244022,0.6472781766567746,0.28968333693053633,-0.008687478202248359,25,0.0,13024.0,2.3536563749565733,-0.9293576444062724,208.9258815735789,40.76979163122627,Not found,1497159010214785024,Not found
339,855.4250263377955,3119.3192606132257,0.43765104487634154,-0.019108986633964903,0.18587596971813675,25,0.0,7872.0,1.5735157610385209,-0.49217774339760934,207.89983162284778,40.49169248432558,Not found,Not found,Not found
340,2360.8273888649233,3123.7848014152964,0.37691278452664084,-0.09381049121375358,0.28659398434239025,25,0.0,5648.0,1.0794580329767378,-0.08301440639096683,208.30507480874255,40.60412233600775,Not found,Not found,Not found
341,4405.092571917705,3127.577318787104,0.3628740732481533,0.41354712042482755,0.23028646749531997,25,0.0,32016.0,6.388875540215487,-2.013561069632229,208.8577576420912,40.75405153863383,Not found,Not found,Not found
342,4070.9633684669448,3164.3806054704223,0.4765702553334802,0.5974773719643983,-0.6437931323625552,25,0.0,57904.0,7.56972461484685,-2.197700200590385,208.76367393267307,40.7374106692647,Not found,Not found,Not found
343,4069.0245925645186,3165.9763240187453,0.6828936441774529,-0.26563455987164974,0.37755557232974735,25,0.0,57904.0,7.406006678139417,-2.1739602483133296,208.76299582011117,40.7375976622538,Not found,§°§ê§Ú§Ò§Ü§Ñ: [WinError 10,Not found
344,4072.5738518126414,3168.2364520479864,0.5360643532921202,-0.33219699609982767,0.7054309607569479,25,0.0,57904.0,6.338879328335079,-2.0050312107373127,208.76374117203315,40.73831913313934,Not found,Not found,Not found
345,4070.9813291265514,3169.503516949009,0.45390505567930306,-0.37433780761500596,-0.635232750144724,25,0.0,57904.0,6.903618305392724,-2.0976919290867553,208.7631883398222,40.73846376535613,Not found,Not found,Not found
346,3196.1193620233985,3177.42114222454,0.3682763607075631,0.06123631395731778,-0.09017934881589813,25,0.0,11040.0,2.203407035327594,-0.8577368294271394,208.52558662054324,40.67638727614866,Not found,Not found,Not found
347,1444.0031400976507,3183.060606833827,0.5276936668376252,0.2819667701232805,0.17196286186524923,25,0.0,5888.0,1.1643805831966818,-0.1652373867107183,208.0520570066838,40.548510289647254,Not found,Not found,Not found
348,936.6988686385532,3196.2557806158743,0.3543660463317907,0.0404105711882025,0.1772564520215513,25,0.0,8448.0,1.721145640659525,-0.589544053010358,207.91416014748194,40.51349113853432,Not found,Not found,Not found
349,344.26436571026375,3205.386840240466,0.4174875153571357,-0.21625438023683774,0.13150997208024626,25,0.0,12864.0,2.633083735241781,-1.0511616760363465,207.75392730137227,40.47110543537465,Not found,Not found,Not found
350,1953.2578202688303,3231.74685383671,0.23847736237318704,0.9601254838969644,-0.27472155890741595,25,0.0,57904.0,7.786360983054778,-2.2283363353788816,208.18460563290463,40.59618563201334,Not found,Not found,Not found
351,4570.841830939251,3233.9353050595164,0.5413506939038307,-0.3592888221181559,-0.07831911195422855,25,0.0,57904.0,8.763415052021388,-2.3566834529845764,208.89256069516492,40.787876269800975,Not found,Not found,Not found
352,4570.338661358384,3234.231429206312,0.39392029378171894,-0.09430857523742202,0.48151045456780456,25,0.0,57904.0,8.24943061889776,-2.2910599357371497,208.8923959293848,40.78790075444109,Not found,Not found,Not found
353,1953.8757881668355,3234.2598422760566,0.3868742000735149,-0.47317890612212854,0.8238325543330112,25,0.0,57904.0,6.769597859711586,-2.076407176699763,208.18452781893123,40.59674604341074,Not found,Not found,Not found
354,1951.522255484701,3235.7983790055887,0.3873916022633795,0.35770979764058164,0.052314264280941325,25,0.0,57904.0,5.931046199861276,-1.932828267454215,208.18374319770152,40.59688729490033,Not found,Not found,Not found
355,4571.535688713599,3234.6897474484,0.5115248903229972,0.08411510143609159,0.14424470963206715,25,0.0,56672.0,7.608489861548582,-2.2032461656194924,208.89267695852243,40.78808135907422,Not found,Not found,Not found
356,3117.2808955105857,3247.8684723482365,0.49525223003793445,0.17920657897239464,0.14559716614368035,25,0.0,39936.0,6.6786848662748,-2.061727379410917,208.49747017968696,40.68507154328235,Not found,Not found,Not found
357,2713.3815954254255,3273.0803068323785,0.9192834067547158,-0.2511399617614552,-0.4062252389752395,25,0.0,3824.0,1.137198928986487,-0.1395911050005537,208.3858354234852,40.66064052993661,Not found,§°§ê§Ú§Ò§Ü§Ñ: [WinError 10,Not found
358,2494.928100326709,3281.3927183068104,0.4173292644300923,0.026555607182973687,0.15941436449863855,25,0.0,7072.0,1.383840990513627,-0.3527154765485508,208.32600655116346,40.64629081101975,Not found,Not found,Not found
359,554.3024059148124,3296.1197486686383,0.4570233620215006,-0.2326039488960681,0.18225037936534555,25,0.0,5360.0,1.4144961128966775,-0.37650439583133444,207.80147400699627,40.505376089436275,Not found,Not found,Not found
360,2418.540086813091,3318.953268847896,0.37001749427941644,0.18507811000357569,0.15550965819970605,25,0.0,18832.0,3.686626517738977,-1.41657285655878,208.30173003053181,40.64836756259148,Not found,Not found,Not found
361,3321.908663846593,3351.3542089815296,0.41361610811507776,-0.4186456521337219,-0.3498218436455855,25,0.0,57904.0,8.457735730756502,-2.318135277793572,208.54285634083328,40.72125685393021,Not found,Not found,Not found
362,3321.4344190974844,3351.8362153923754,0.48203830409402765,-0.5897866786256953,0.0656137179060468,25,0.0,57904.0,7.694086176570332,-2.215392615636431,208.54268151794116,40.721321084828226,Not found,Not found,Not found
363,420.93256510248125,3351.73711087555,0.40797781431049784,-0.43324084571556387,-0.4580853336079822,25,0.0,57904.0,6.410190526655412,-2.0171773450315995,207.76013253888127,40.50677060126025,Not found,Not found,Not found
364,3321.8978627304905,3352.8651717550474,0.2928312842781266,-0.08587011874406926,0.05957592316270438,25,0.0,57904.0,7.215905606737754,-2.1457271086112337,208.54270777360756,40.72156601064628,Not found,Not found,Not found
365,3180.7669866554593,3362.729170924267,0.4967909203827311,-0.07440528365764348,-0.5173346141319326,25,0.0,57904.0,9.173327663892412,-2.4063172660863628,208.50356236024388,40.713273134023446,Not found,Not found,Not found
366,3179.497372786404,3363.7442538918763,0.48377870400185746,-0.46297254443749586,0.3848185136507145,25,0.0,57904.0,7.590871670226507,-2.200729123478229,208.50312085841387,40.71338846371866,Not found,Not found,Not found
367,3181.4751042794956,3365.1736910346717,0.6061688648968154,-0.22636426924702072,0.6297659317124016,25,0.0,57904.0,6.1464668209509945,-1.9715638540312699,208.50351807471986,40.7138262961894,Not found,Not found,Not found
368,3180.4896345506686,3367.6619989081087,0.4747850115276866,-0.031400561734811615,0.49975156068564586,25,0.0,53504.0,6.934060310459706,-2.102469036762851,208.50301128700102,40.714264565437915,Not found,Not found,Not found
369,1642.4172508804263,3373.4019920780042,0.5501863606158224,-0.9722225879217964,0.4655229121830882,25,0.0,57904.0,6.454171350737611,-2.0246012280849492,208.0869589317404,40.60219377186892,Not found,Not found,Not found
370,3768.6869697094417,3379.520556478428,0.46018416468514833,0.2980437791434038,0.09279117801115443,25,0.0,34864.0,6.123402445883466,-1.9674820083324442,208.66113609674048,40.75961117594753,Not found,Not found,Not found
371,3334.4082126520616,3403.7446562024006,0.4405395480385625,0.48255564170288856,0.2610485562147749,25,0.0,18528.0,3.618103607144729,-1.3962024976354879,208.54118928583924,40.7329168417297,Not found,§°§ê§Ú§Ò§Ü§Ñ: [WinError 10,Not found
372,2804.56293545212,3410.350908896536,0.4127100996680004,0.0725463350811996,0.09796411524454951,25,0.0,19968.0,3.7689698353652488,-1.4405566540599075,208.39719759826627,40.695475113935665,Not found,Not found,Not found
373,743.8786398758821,3412.969589166436,0.4766478326481944,-0.05764702896252346,0.24003624720432243,25,0.0,22464.0,4.275850558341668,-1.5775562953515978,207.840996065219,40.54344167160412,Not found,Not found,Not found
374,318.0588037075374,3416.861360938799,0.4835924547197107,-0.10934261611489067,0.20243187389442618,25,0.0,42560.0,7.929548757420276,-2.248121184643849,207.7260527749096,40.512379824737046,Not found,Not found,Not found
375,1821.8305185669196,3454.599985775788,0.3913596646066468,-0.07908341089618338,-0.16028394960152711,25,0.0,5056.0,1.1156558535959888,-0.11882562106043813,208.1274360165781,40.63210913370311,Not found,Not found,Not found
376,3485.2723214718944,3486.6078997711843,0.45568446186826783,-0.13888288660758735,-0.6278618288367458,25,0.0,48960.0,4.540348449658268,-1.6427229603127744,208.57405444816857,40.76093092570623,Not found,Not found,Not found
377,3152.7977745728704,3505.7063051047285,0.30831792077773174,0.197478857740503,0.15453931767863935,25,0.0,4304.0,1.0349217576392573,-0.03726879354036277,208.48218821134805,40.74054984633238,Not found,Not found,Not found
